/*
 Navicat Premium Data Transfer

 Source Server         : localhost
 Source Server Type    : MySQL
 Source Server Version : 50729
 Source Host           : localhost:3306
 Source Schema         : zlweb

 Target Server Type    : MySQL
 Target Server Version : 50729
 File Encoding         : 65001

 Date: 03/02/2020 12:02:20
*/

SET NAMES utf8mb4;
SET FOREIGN_KEY_CHECKS = 0;

-- ----------------------------
-- Table structure for button
-- ----------------------------
DROP TABLE IF EXISTS `button`;
CREATE TABLE `button`  (
  `Id` int(11) NOT NULL AUTO_INCREMENT COMMENT '主键',
  `EnCode` varchar(50) CHARACTER SET utf8 COLLATE utf8_general_ci NULL DEFAULT NULL COMMENT '编码',
  `FullName` varchar(50) CHARACTER SET utf8 COLLATE utf8_general_ci NULL DEFAULT NULL COMMENT '名称',
  `Location` int(11) NULL DEFAULT NULL COMMENT '位置',
  `ClassName` varchar(50) CHARACTER SET utf8 COLLATE utf8_general_ci NULL DEFAULT NULL COMMENT '按钮样式',
  `Icon` varchar(50) CHARACTER SET utf8 COLLATE utf8_general_ci NULL DEFAULT NULL COMMENT '图标',
  `SortCode` int(11) NULL DEFAULT NULL COMMENT '排序码',
  `CreateTime` datetime(0) NULL DEFAULT NULL COMMENT '创建时间',
  `CreateUserId` int(11) NULL DEFAULT NULL COMMENT '创建用户主键',
  `UpdateTime` datetime(0) NULL DEFAULT NULL COMMENT '修改时间',
  `UpdateUserId` int(11) NULL DEFAULT NULL COMMENT '修改用户主键',
  PRIMARY KEY (`Id`) USING BTREE
) ENGINE = InnoDB AUTO_INCREMENT = 7 CHARACTER SET = utf8 COLLATE = utf8_general_ci COMMENT = '按钮表' ROW_FORMAT = Compact;

-- ----------------------------
-- Records of button
-- ----------------------------
INSERT INTO `button` VALUES (1, 'add', '添加', 1, '', '&#xe6d9;', 1, '2019-10-29 16:25:25', 1, '2019-10-29 16:25:29', 1);
INSERT INTO `button` VALUES (2, 'del', '删除', 0, 'layui-btn-danger', '&#xe659;', 3, '2019-10-29 16:29:17', 1, '2019-10-29 16:29:20', 1);
INSERT INTO `button` VALUES (3, 'edit', '修改', 0, '', '&#xe761;', 2, '2019-10-29 16:30:32', 1, '2019-10-29 16:30:36', 1);
INSERT INTO `button` VALUES (4, 'batchDel', '批量删除', 1, 'layui-btn-danger', '&#xe6b4;', 4, '2019-10-29 16:35:16', 1, '2019-10-29 16:35:19', 1);
INSERT INTO `button` VALUES (5, 'pwdReset', '重置密码', 0, 'layui-btn-warm', '&#xe6a4;', 5, '2019-11-14 09:26:11', 1, '2019-11-14 09:26:20', 1);
INSERT INTO `button` VALUES (6, 'assign', '分配权限', 0, 'layui-btn-normal', '&#xe73a;', 6, '2019-11-16 11:50:37', 1, '2019-11-16 11:50:41', 1);

-- ----------------------------
-- Table structure for donation
-- ----------------------------
DROP TABLE IF EXISTS `donation`;
CREATE TABLE `donation`  (
  `Id` int(11) NOT NULL AUTO_INCREMENT COMMENT '主键',
  `Name` varchar(50) CHARACTER SET utf8 COLLATE utf8_general_ci NULL DEFAULT NULL COMMENT '捐赠人',
  `Price` varchar(50) CHARACTER SET utf8 COLLATE utf8_general_ci NULL DEFAULT NULL COMMENT '捐赠金额',
  `Source` varchar(50) CHARACTER SET utf8 COLLATE utf8_general_ci NULL DEFAULT NULL COMMENT '捐赠方式',
  `Detail` varchar(100) CHARACTER SET utf8 COLLATE utf8_general_ci NULL DEFAULT NULL COMMENT '备注',
  `CreateTime` datetime(0) NULL DEFAULT NULL COMMENT '创建时间',
  PRIMARY KEY (`Id`) USING BTREE
) ENGINE = InnoDB AUTO_INCREMENT = 2 CHARACTER SET = utf8 COLLATE = utf8_general_ci COMMENT = '捐赠表' ROW_FORMAT = Compact;

-- ----------------------------
-- Records of donation
-- ----------------------------
INSERT INTO `donation` VALUES (1, '1221', '21', '21', '21', '2020-01-23 19:15:13');

-- ----------------------------
-- Table structure for items
-- ----------------------------
DROP TABLE IF EXISTS `items`;
CREATE TABLE `items`  (
  `Id` int(11) NOT NULL AUTO_INCREMENT COMMENT '主键',
  `ParentId` int(11) NULL DEFAULT NULL COMMENT '父级',
  `EnCode` varchar(50) CHARACTER SET utf8 COLLATE utf8_general_ci NULL DEFAULT NULL COMMENT '编码',
  `FullName` varchar(50) CHARACTER SET utf8 COLLATE utf8_general_ci NULL DEFAULT NULL COMMENT '名称',
  `SortCode` int(11) NULL DEFAULT NULL COMMENT '排序码',
  `CreateTime` datetime(0) NULL DEFAULT NULL COMMENT '创建时间',
  `CreateUserId` int(11) NULL DEFAULT NULL COMMENT '创建用户主键',
  `UpdateTime` datetime(0) NULL DEFAULT NULL COMMENT '修改时间',
  `UpdateUserId` int(11) NULL DEFAULT NULL COMMENT '修改用户主键',
  PRIMARY KEY (`Id`) USING BTREE
) ENGINE = InnoDB AUTO_INCREMENT = 10 CHARACTER SET = utf8 COLLATE = utf8_general_ci COMMENT = '字典表' ROW_FORMAT = Compact;

-- ----------------------------
-- Records of items
-- ----------------------------
INSERT INTO `items` VALUES (1, 0, 'Sys_Items', '通用字典', 0, '2019-10-12 11:47:23', 1, '2019-11-26 17:47:45', 1);
INSERT INTO `items` VALUES (2, 1, 'OrganizeCategory', '机构分类', 1, '2019-10-12 15:44:12', 1, '2019-10-12 15:44:17', 1);
INSERT INTO `items` VALUES (3, 1, 'RoleType', '角色类型', 2, '2019-10-12 15:45:26', 1, '2019-10-12 15:45:30', 1);
INSERT INTO `items` VALUES (4, 1, 'Certificate', '证件名称', 3, '2019-10-12 15:49:04', 1, '2019-10-12 15:49:08', 1);
INSERT INTO `items` VALUES (5, 1, 'Education', '学历', 4, '2019-10-12 15:49:57', 1, '2019-10-12 15:50:00', 1);
INSERT INTO `items` VALUES (6, 1, 'Marry', '婚姻', 5, '2019-10-12 15:51:05', 1, '2019-10-12 15:51:09', 1);
INSERT INTO `items` VALUES (7, 1, 'Birth', '生育', 6, '2019-10-12 15:57:43', 1, '2020-01-16 10:09:31', 1);
INSERT INTO `items` VALUES (8, 1, 'Nation', '民族', 7, '2019-10-12 15:58:43', 1, '2019-10-12 15:58:40', 1);
INSERT INTO `items` VALUES (9, 1, 'Gender', '性别', 8, '2019-10-12 15:59:06', 1, '2020-01-16 10:09:47', 1);

-- ----------------------------
-- Table structure for itemsdetail
-- ----------------------------
DROP TABLE IF EXISTS `itemsdetail`;
CREATE TABLE `itemsdetail`  (
  `Id` int(11) NOT NULL AUTO_INCREMENT COMMENT '主键',
  `ItemId` int(11) NULL DEFAULT NULL COMMENT '主表主键',
  `ItemCode` varchar(50) CHARACTER SET utf8 COLLATE utf8_general_ci NULL DEFAULT NULL COMMENT '编码',
  `ItemName` varchar(50) CHARACTER SET utf8 COLLATE utf8_general_ci NULL DEFAULT NULL COMMENT '名称',
  `SortCode` int(11) NULL DEFAULT NULL COMMENT '排序码',
  `CreateTime` datetime(0) NULL DEFAULT NULL COMMENT '创建时间',
  `CreateUserId` int(11) NULL DEFAULT NULL COMMENT '创建用户主键',
  `UpdateTime` datetime(0) NULL DEFAULT NULL COMMENT '修改时间',
  `UpdateUserId` int(11) NULL DEFAULT NULL COMMENT '修改用户主键',
  PRIMARY KEY (`Id`) USING BTREE
) ENGINE = InnoDB AUTO_INCREMENT = 26 CHARACTER SET = utf8 COLLATE = utf8_general_ci COMMENT = '字典明细表' ROW_FORMAT = Compact;

-- ----------------------------
-- Records of itemsdetail
-- ----------------------------
INSERT INTO `itemsdetail` VALUES (1, 2, 'Company', '公司', 1, '2019-10-12 16:08:09', 1, '2019-10-12 16:08:15', 1);
INSERT INTO `itemsdetail` VALUES (2, 2, 'Department', '部门', 2, '2019-10-12 16:09:34', 1, '2019-10-12 16:09:37', 1);
INSERT INTO `itemsdetail` VALUES (3, 2, 'WorkGroup', '小组', 3, '2019-10-12 16:10:05', 1, '2019-10-12 16:10:07', 1);
INSERT INTO `itemsdetail` VALUES (4, 3, 'Sys_Role', '系统角色', 1, '2019-10-12 16:13:10', 1, '2019-10-12 16:13:14', 1);
INSERT INTO `itemsdetail` VALUES (5, 3, 'Bus_Role', '业务角色', 2, '2019-10-12 16:15:16', 1, '2019-10-12 16:15:30', 1);
INSERT INTO `itemsdetail` VALUES (6, 3, 'Other', '其他角色', 3, '2019-10-12 16:16:07', 1, '2019-10-12 16:16:09', 1);
INSERT INTO `itemsdetail` VALUES (7, 4, 'Id_Card', '身份证', 1, '2019-10-12 16:17:45', 1, '2019-10-12 16:17:49', 1);
INSERT INTO `itemsdetail` VALUES (8, 4, 'Other', '其他', 2, '2019-10-12 16:19:06', 1, '2019-10-12 16:19:08', 1);
INSERT INTO `itemsdetail` VALUES (9, 5, 'Junior College', '大专', 1, '2019-10-12 16:26:16', 1, '2019-10-12 16:26:19', 1);
INSERT INTO `itemsdetail` VALUES (10, 5, 'Undergraduate', '本科', 2, '2019-10-12 16:26:45', 1, '2019-10-12 16:26:49', 1);
INSERT INTO `itemsdetail` VALUES (11, 5, 'Master', '硕士', 3, '2019-10-12 16:30:22', 1, '2019-10-12 16:30:26', 1);
INSERT INTO `itemsdetail` VALUES (12, 5, 'Doctor', '博士', 4, '2019-10-12 16:31:18', 1, '2019-10-12 16:31:21', 1);
INSERT INTO `itemsdetail` VALUES (13, 5, 'Other', '其他', 5, '2019-10-12 16:31:44', 1, '2019-10-12 16:31:47', 1);
INSERT INTO `itemsdetail` VALUES (14, 6, 'Married', '已婚', 1, '2019-10-29 14:26:15', 1, '2019-10-29 14:26:20', 1);
INSERT INTO `itemsdetail` VALUES (15, 6, 'UnMarried', '未婚', 2, '2019-10-29 14:26:48', 1, '2019-10-29 14:26:50', 1);
INSERT INTO `itemsdetail` VALUES (16, 6, 'Divorce', '离异', 3, '2019-10-29 14:27:18', 1, '2019-10-29 14:27:21', 1);
INSERT INTO `itemsdetail` VALUES (17, 6, 'Widowed', '丧偶', 4, '2019-10-29 14:27:50', 1, '2019-10-29 14:27:53', 1);
INSERT INTO `itemsdetail` VALUES (18, 6, 'Other', '其他', 5, '2019-10-29 14:28:08', 1, '2019-10-29 14:28:11', 1);
INSERT INTO `itemsdetail` VALUES (19, 7, 'Bred', '未育', 1, '2019-10-29 14:33:08', 1, '2019-10-29 14:33:11', 1);
INSERT INTO `itemsdetail` VALUES (20, 7, 'UnBred', '已育', 2, '2019-10-29 14:33:46', 1, '2019-10-29 14:33:49', 1);
INSERT INTO `itemsdetail` VALUES (21, 7, 'Other', '其他', 3, '2019-10-29 14:34:21', 1, '2019-10-29 14:34:25', 1);
INSERT INTO `itemsdetail` VALUES (22, 8, 'Han', '汉族', 1, '2019-10-29 14:36:30', 1, '2019-10-29 14:36:36', 1);
INSERT INTO `itemsdetail` VALUES (23, 8, 'Other', '其他', 2, '2019-10-29 14:36:54', 1, '2019-10-29 14:36:59', 1);
INSERT INTO `itemsdetail` VALUES (24, 9, 'Male', '男', 1, '2019-10-29 14:38:58', 1, '2019-10-29 14:39:00', 1);
INSERT INTO `itemsdetail` VALUES (25, 9, 'Female', '女', 2, '2019-10-29 14:39:23', 1, '2019-10-29 14:39:26', 1);

-- ----------------------------
-- Table structure for logonlog
-- ----------------------------
DROP TABLE IF EXISTS `logonlog`;
CREATE TABLE `logonlog`  (
  `Id` int(11) NOT NULL AUTO_INCREMENT COMMENT '主键',
  `LogType` varchar(50) CHARACTER SET utf8 COLLATE utf8_general_ci NULL DEFAULT NULL COMMENT '登录类型',
  `Account` varchar(50) CHARACTER SET utf8 COLLATE utf8_general_ci NULL DEFAULT NULL COMMENT '账户',
  `RealName` varchar(50) CHARACTER SET utf8 COLLATE utf8_general_ci NULL DEFAULT NULL COMMENT '姓名',
  `Description` varchar(200) CHARACTER SET utf8 COLLATE utf8_general_ci NULL DEFAULT NULL COMMENT '描述',
  `IPAddress` varchar(50) CHARACTER SET utf8 COLLATE utf8_general_ci NULL DEFAULT NULL COMMENT 'IP地址',
  `IPAddressName` varchar(50) CHARACTER SET utf8 COLLATE utf8_general_ci NULL DEFAULT NULL COMMENT 'IP所在城市',
  `CreateTime` datetime(0) NULL DEFAULT NULL COMMENT '创建时间',
  PRIMARY KEY (`Id`) USING BTREE
) ENGINE = InnoDB AUTO_INCREMENT = 132 CHARACTER SET = utf8 COLLATE = utf8_general_ci COMMENT = '登录日志表' ROW_FORMAT = Compact;

-- ----------------------------
-- Records of logonlog
-- ----------------------------
INSERT INTO `logonlog` VALUES (131, 'Exit', 'admin', 'zl', '安全退出系统', '::1', '::1', '2020-02-03 11:33:57');

-- ----------------------------
-- Table structure for module
-- ----------------------------
DROP TABLE IF EXISTS `module`;
CREATE TABLE `module`  (
  `Id` int(11) NOT NULL AUTO_INCREMENT COMMENT '主键',
  `ParentId` int(11) NULL DEFAULT NULL COMMENT '父级',
  `FullName` varchar(50) CHARACTER SET utf8 COLLATE utf8_general_ci NULL DEFAULT NULL COMMENT '名称',
  `FontFamily` varchar(50) CHARACTER SET utf8 COLLATE utf8_general_ci NULL DEFAULT NULL COMMENT '字体类型',
  `Icon` varchar(50) CHARACTER SET utf8 COLLATE utf8_general_ci NULL DEFAULT NULL COMMENT '图标',
  `UrlAddress` varchar(100) CHARACTER SET utf8 COLLATE utf8_general_ci NULL DEFAULT NULL COMMENT '链接',
  `SortCode` int(11) NULL DEFAULT NULL COMMENT '排序码',
  `CreateTime` datetime(0) NULL DEFAULT NULL COMMENT '创建时间',
  `CreateUserId` int(11) NULL DEFAULT NULL COMMENT '创建用户主键',
  `UpdateTime` datetime(0) NULL DEFAULT NULL COMMENT '修改时间',
  `UpdateUserId` int(11) NULL DEFAULT NULL COMMENT '修改用户主键',
  PRIMARY KEY (`Id`) USING BTREE
) ENGINE = InnoDB AUTO_INCREMENT = 18 CHARACTER SET = utf8 COLLATE = utf8_general_ci COMMENT = '模块表' ROW_FORMAT = Compact;

-- ----------------------------
-- Records of module
-- ----------------------------
INSERT INTO `module` VALUES (1, 0, '系统管理', 'ok-icon', '&#xe6b0;', '/', 1, '2019-09-19 15:28:17', 1, '2019-09-19 15:28:29', 1);
INSERT INTO `module` VALUES (2, 0, '系统安全', 'ok-icon', '&#xe769;', '/', 2, '2019-09-19 15:48:28', 1, '2019-09-19 15:48:33', 1);
INSERT INTO `module` VALUES (3, 0, '系统设置', 'ok-icon', '&#xe889;', '/', 3, '2019-09-19 15:49:03', 1, '2019-09-19 15:49:07', 1);
INSERT INTO `module` VALUES (4, 1, '机构管理', 'ok-icon', '&#xe726;', '/Permissions/Organize', 1, '2019-09-19 16:51:51', 1, '2019-11-25 10:48:26', 1);
INSERT INTO `module` VALUES (5, 1, '字典分类', 'ok-icon', '&#xe640;', '/Permissions/Items', 2, '2019-11-26 15:44:12', 1, '2019-11-26 15:44:12', 1);
INSERT INTO `module` VALUES (6, 1, '数据字典', 'ok-icon', '&#xe660;', '/Permissions/ItemsDetail', 3, '2019-09-19 16:58:27', 1, '2019-11-26 15:47:33', 1);
INSERT INTO `module` VALUES (7, 1, '用户管理', 'ok-icon', '&#xe736;', '/Permissions/User', 4, '2019-09-19 16:57:34', 1, '2019-09-19 16:57:38', 1);
INSERT INTO `module` VALUES (8, 1, '角色管理', 'ok-icon', '&#xe7be;', '/Permissions/Role', 5, '2019-09-19 16:54:54', 1, '2019-09-19 16:54:58', 1);
INSERT INTO `module` VALUES (9, 1, '系统菜单', 'ok-icon', '&#xe7ad;', '/Permissions/Module', 6, '2019-09-19 16:58:49', 1, '2019-09-19 16:58:45', 1);
INSERT INTO `module` VALUES (10, 1, '按钮管理', 'ok-icon', '&#xe729;', '/Permissions/Button', 7, '2019-11-26 10:30:36', 1, '2019-11-26 10:30:36', 1);
INSERT INTO `module` VALUES (11, 2, '登录日志', 'ok-icon', '&#xe706;', '/Security/LogonLog', 1, '2019-09-23 18:17:12', 1, '2019-09-23 18:17:18', 1);
INSERT INTO `module` VALUES (12, 3, '网站设置', 'ok-icon', '&#xe7d5;', '/SysSet/WebSet', 1, '2019-09-23 18:18:43', 1, '2019-09-23 18:18:49', 1);
INSERT INTO `module` VALUES (13, 3, '开发设置', 'ok-icon', '&#xe738;', '/SysSet/DevSet', 2, '2019-09-23 18:19:34', 1, '2019-09-23 18:19:38', 1);
INSERT INTO `module` VALUES (14, 3, '邮件设置', 'ok-icon', '&#xe7bd;', '/SysSet/EmailSet', 3, '2019-09-23 18:20:02', 1, '2019-09-23 18:19:59', 1);
INSERT INTO `module` VALUES (15, 0, '捐赠管理', 'ok-icon', '&#xe7d1;', '/', 0, '2019-11-30 10:07:40', 1, '2019-11-30 10:14:56', 1);
INSERT INTO `module` VALUES (16, 15, '捐赠记录', 'ok-icon', '&#xe644;', '/Donation/Donation', 1, '2019-11-30 10:14:45', 1, '2019-11-30 11:29:25', 1);
INSERT INTO `module` VALUES (17, 2, '定时任务', 'ok-icon', '&#xe6b2;', '/Security/Quartz', 2, '2020-02-01 22:03:22', 1, '2020-02-01 22:03:22', 1);

-- ----------------------------
-- Table structure for organize
-- ----------------------------
DROP TABLE IF EXISTS `organize`;
CREATE TABLE `organize`  (
  `Id` int(11) NOT NULL AUTO_INCREMENT COMMENT '主键',
  `ParentId` int(11) NULL DEFAULT NULL COMMENT '父级',
  `EnCode` varchar(50) CHARACTER SET utf8 COLLATE utf8_general_ci NULL DEFAULT NULL COMMENT '编码',
  `FullName` varchar(50) CHARACTER SET utf8 COLLATE utf8_general_ci NULL DEFAULT NULL COMMENT '名称',
  `CategoryId` int(11) NULL DEFAULT NULL COMMENT '分类',
  `SortCode` int(4) NULL DEFAULT NULL COMMENT '排序码',
  `CreateTime` datetime(0) NULL DEFAULT NULL COMMENT '创建时间',
  `CreateUserId` int(11) NULL DEFAULT NULL COMMENT '创建用户主键',
  `UpdateTime` datetime(0) NULL DEFAULT NULL COMMENT '修改时间',
  `UpdateUserId` int(11) NULL DEFAULT NULL COMMENT '修改用户主键',
  PRIMARY KEY (`Id`) USING BTREE
) ENGINE = InnoDB AUTO_INCREMENT = 6 CHARACTER SET = utf8 COLLATE = utf8_general_ci COMMENT = '组织表' ROW_FORMAT = Compact;

-- ----------------------------
-- Records of organize
-- ----------------------------
INSERT INTO `organize` VALUES (1, 0, 'Company', '皮皮虾公司', 1, 1, '2019-09-26 17:52:17', 1, '2019-11-25 17:52:40', 1);
INSERT INTO `organize` VALUES (2, 1, 'Market', '业务部', 2, 5, '2019-10-29 15:32:27', 1, '2019-11-25 17:05:15', 1);
INSERT INTO `organize` VALUES (3, 1, 'Ministry', '技术部', 2, 2, '2019-10-29 15:32:39', 1, '2019-11-25 16:21:27', 1);
INSERT INTO `organize` VALUES (4, 1, 'HumanResourse', '人事部', 2, 3, '2019-10-29 15:33:27', 1, '2019-10-29 15:33:31', 1);
INSERT INTO `organize` VALUES (5, 3, 'IT Group', '研发小组', 3, 4, '2019-10-29 15:35:10', 1, '2019-11-26 10:15:31', 1);

-- ----------------------------
-- Table structure for role
-- ----------------------------
DROP TABLE IF EXISTS `role`;
CREATE TABLE `role`  (
  `Id` int(11) NOT NULL AUTO_INCREMENT COMMENT '主键',
  `EnCode` varchar(50) CHARACTER SET utf8 COLLATE utf8_general_ci NULL DEFAULT NULL COMMENT '编码',
  `FullName` varchar(50) CHARACTER SET utf8 COLLATE utf8_general_ci NULL DEFAULT NULL COMMENT '名称',
  `TypeClass` int(11) NULL DEFAULT NULL COMMENT '类型',
  `SortCode` int(11) NULL DEFAULT NULL COMMENT '排序码',
  `CreateTime` datetime(0) NULL DEFAULT NULL COMMENT '创建时间',
  `CreateUserId` int(11) NULL DEFAULT NULL COMMENT '创建用户主键',
  `UpdateTime` datetime(0) NULL DEFAULT NULL COMMENT '修改时间',
  `UpdateUserId` int(11) NULL DEFAULT NULL COMMENT '修改用户主键',
  PRIMARY KEY (`Id`) USING BTREE
) ENGINE = InnoDB AUTO_INCREMENT = 5 CHARACTER SET = utf8 COLLATE = utf8_general_ci COMMENT = '角色表' ROW_FORMAT = Compact;

-- ----------------------------
-- Records of role
-- ----------------------------
INSERT INTO `role` VALUES (1, 'administrator', '超级管理员', 4, 1, '2019-10-29 17:20:49', 1, '2019-10-29 17:20:47', 1);
INSERT INTO `role` VALUES (2, 'system', '系统管理员', 4, 2, '2019-10-29 17:24:13', 1, '2019-10-29 17:24:18', 1);
INSERT INTO `role` VALUES (3, 'user', '普通用户', 5, 3, '2019-10-29 17:25:42', 1, '2019-10-29 17:25:44', 1);
INSERT INTO `role` VALUES (4, 'test', '测试用户', 6, 4, '2019-10-29 17:26:07', 1, '2019-10-29 17:26:10', 1);

-- ----------------------------
-- Table structure for roleauthorize
-- ----------------------------
DROP TABLE IF EXISTS `roleauthorize`;
CREATE TABLE `roleauthorize`  (
  `RoleId` char(10) CHARACTER SET utf8 COLLATE utf8_general_ci NOT NULL COMMENT '角色主键',
  `ModuleId` char(10) CHARACTER SET utf8 COLLATE utf8_general_ci NOT NULL COMMENT '模块主键',
  `ButtonId` char(10) CHARACTER SET utf8 COLLATE utf8_general_ci NOT NULL COMMENT '按钮主键',
  PRIMARY KEY (`RoleId`, `ModuleId`, `ButtonId`) USING BTREE
) ENGINE = InnoDB CHARACTER SET = utf8 COLLATE = utf8_general_ci COMMENT = '角色授权表' ROW_FORMAT = Compact;

-- ----------------------------
-- Records of roleauthorize
-- ----------------------------
INSERT INTO `roleauthorize` VALUES ('1', '1', '0');
INSERT INTO `roleauthorize` VALUES ('1', '10', '0');
INSERT INTO `roleauthorize` VALUES ('1', '10', '1');
INSERT INTO `roleauthorize` VALUES ('1', '10', '2');
INSERT INTO `roleauthorize` VALUES ('1', '10', '3');
INSERT INTO `roleauthorize` VALUES ('1', '11', '0');
INSERT INTO `roleauthorize` VALUES ('1', '11', '2');
INSERT INTO `roleauthorize` VALUES ('1', '11', '4');
INSERT INTO `roleauthorize` VALUES ('1', '12', '0');
INSERT INTO `roleauthorize` VALUES ('1', '13', '0');
INSERT INTO `roleauthorize` VALUES ('1', '14', '0');
INSERT INTO `roleauthorize` VALUES ('1', '15', '0');
INSERT INTO `roleauthorize` VALUES ('1', '16', '0');
INSERT INTO `roleauthorize` VALUES ('1', '16', '1');
INSERT INTO `roleauthorize` VALUES ('1', '16', '2');
INSERT INTO `roleauthorize` VALUES ('1', '16', '3');
INSERT INTO `roleauthorize` VALUES ('1', '17', '0');
INSERT INTO `roleauthorize` VALUES ('1', '17', '1');
INSERT INTO `roleauthorize` VALUES ('1', '17', '2');
INSERT INTO `roleauthorize` VALUES ('1', '17', '4');
INSERT INTO `roleauthorize` VALUES ('1', '2', '0');
INSERT INTO `roleauthorize` VALUES ('1', '3', '0');
INSERT INTO `roleauthorize` VALUES ('1', '4', '0');
INSERT INTO `roleauthorize` VALUES ('1', '4', '1');
INSERT INTO `roleauthorize` VALUES ('1', '4', '2');
INSERT INTO `roleauthorize` VALUES ('1', '4', '3');
INSERT INTO `roleauthorize` VALUES ('1', '5', '0');
INSERT INTO `roleauthorize` VALUES ('1', '5', '1');
INSERT INTO `roleauthorize` VALUES ('1', '5', '2');
INSERT INTO `roleauthorize` VALUES ('1', '5', '3');
INSERT INTO `roleauthorize` VALUES ('1', '6', '0');
INSERT INTO `roleauthorize` VALUES ('1', '6', '1');
INSERT INTO `roleauthorize` VALUES ('1', '6', '2');
INSERT INTO `roleauthorize` VALUES ('1', '6', '3');
INSERT INTO `roleauthorize` VALUES ('1', '7', '0');
INSERT INTO `roleauthorize` VALUES ('1', '7', '1');
INSERT INTO `roleauthorize` VALUES ('1', '7', '2');
INSERT INTO `roleauthorize` VALUES ('1', '7', '3');
INSERT INTO `roleauthorize` VALUES ('1', '7', '4');
INSERT INTO `roleauthorize` VALUES ('1', '7', '5');
INSERT INTO `roleauthorize` VALUES ('1', '8', '0');
INSERT INTO `roleauthorize` VALUES ('1', '8', '1');
INSERT INTO `roleauthorize` VALUES ('1', '8', '2');
INSERT INTO `roleauthorize` VALUES ('1', '8', '3');
INSERT INTO `roleauthorize` VALUES ('1', '8', '6');
INSERT INTO `roleauthorize` VALUES ('1', '9', '0');
INSERT INTO `roleauthorize` VALUES ('1', '9', '1');
INSERT INTO `roleauthorize` VALUES ('1', '9', '2');
INSERT INTO `roleauthorize` VALUES ('1', '9', '3');
INSERT INTO `roleauthorize` VALUES ('3', '1', '0');
INSERT INTO `roleauthorize` VALUES ('3', '10', '0');
INSERT INTO `roleauthorize` VALUES ('3', '11', '0');
INSERT INTO `roleauthorize` VALUES ('3', '14', '0');
INSERT INTO `roleauthorize` VALUES ('3', '2', '0');
INSERT INTO `roleauthorize` VALUES ('3', '3', '0');
INSERT INTO `roleauthorize` VALUES ('3', '4', '0');
INSERT INTO `roleauthorize` VALUES ('3', '5', '0');
INSERT INTO `roleauthorize` VALUES ('3', '6', '0');
INSERT INTO `roleauthorize` VALUES ('3', '7', '0');
INSERT INTO `roleauthorize` VALUES ('3', '8', '0');
INSERT INTO `roleauthorize` VALUES ('3', '9', '0');
INSERT INTO `roleauthorize` VALUES ('5', '1', '0');
INSERT INTO `roleauthorize` VALUES ('5', '10', '0');
INSERT INTO `roleauthorize` VALUES ('5', '11', '0');
INSERT INTO `roleauthorize` VALUES ('5', '12', '0');
INSERT INTO `roleauthorize` VALUES ('5', '13', '0');
INSERT INTO `roleauthorize` VALUES ('5', '14', '0');
INSERT INTO `roleauthorize` VALUES ('5', '15', '0');
INSERT INTO `roleauthorize` VALUES ('5', '15', '1');
INSERT INTO `roleauthorize` VALUES ('5', '16', '0');
INSERT INTO `roleauthorize` VALUES ('5', '2', '0');
INSERT INTO `roleauthorize` VALUES ('5', '3', '0');
INSERT INTO `roleauthorize` VALUES ('5', '4', '0');
INSERT INTO `roleauthorize` VALUES ('5', '5', '0');
INSERT INTO `roleauthorize` VALUES ('5', '6', '0');
INSERT INTO `roleauthorize` VALUES ('5', '7', '0');
INSERT INTO `roleauthorize` VALUES ('5', '8', '0');
INSERT INTO `roleauthorize` VALUES ('5', '9', '0');

-- ----------------------------
-- Table structure for taskschedule
-- ----------------------------
DROP TABLE IF EXISTS `taskschedule`;
CREATE TABLE `taskschedule`  (
  `Id` int(11) NOT NULL AUTO_INCREMENT,
  `FileName` varchar(255) CHARACTER SET utf8 COLLATE utf8_general_ci NOT NULL,
  `JobGroup` varchar(255) CHARACTER SET utf8 COLLATE utf8_general_ci NOT NULL DEFAULT '1' COMMENT '任务组',
  `JobName` varchar(255) CHARACTER SET utf8 COLLATE utf8_general_ci NOT NULL DEFAULT '1' COMMENT '任务名称',
  `CronExpress` varchar(255) CHARACTER SET utf8 COLLATE utf8_general_ci NOT NULL DEFAULT '1' COMMENT 'Cron表达式',
  `StarRunTime` datetime(0) NULL DEFAULT NULL COMMENT '启动时间',
  `EndRunTime` datetime(0) NULL DEFAULT NULL COMMENT '停止时间',
  `CreateTime` datetime(0) NULL DEFAULT NULL COMMENT '创建时间',
  `State` int(1) NOT NULL COMMENT '0停止,1启动,2假删除',
  PRIMARY KEY (`Id`) USING BTREE
) ENGINE = InnoDB AUTO_INCREMENT = 3 CHARACTER SET = utf8 COLLATE = utf8_general_ci ROW_FORMAT = Compact;

-- ----------------------------
-- Records of taskschedule
-- ----------------------------
INSERT INTO `taskschedule` VALUES (1, 'Zl.Test.QuartzJob1.dll', 'Zl.Test.QuartzJob1', 'ExampleJob', '*/10 * * * * ?', '2020-02-01 00:00:00', '2020-02-28 00:00:00', '2020-02-02 11:35:12', 0);
INSERT INTO `taskschedule` VALUES (2, 'Zl.Test.QuartzJob2.dll', 'Zl.Test.QuartzJob2', 'ExampleJob', '*/5 * * * * ?', '2020-02-01 00:00:00', '2020-02-27 00:00:00', '2020-02-02 11:42:37', 1);

-- ----------------------------
-- Table structure for users
-- ----------------------------
DROP TABLE IF EXISTS `users`;
CREATE TABLE `users`  (
  `Id` int(11) NOT NULL AUTO_INCREMENT COMMENT '主键',
  `Account` varchar(50) CHARACTER SET utf8 COLLATE utf8_general_ci NULL DEFAULT NULL COMMENT '账户',
  `UserPassword` varchar(50) CHARACTER SET utf8 COLLATE utf8_general_ci NULL DEFAULT NULL COMMENT '密码',
  `RealName` varchar(50) CHARACTER SET utf8 COLLATE utf8_general_ci NULL DEFAULT NULL COMMENT '姓名',
  `HeadIcon` varchar(50) CHARACTER SET utf8 COLLATE utf8_general_ci NULL DEFAULT NULL COMMENT '头像',
  `Gender` smallint(1) NULL DEFAULT NULL COMMENT '性别',
  `Birthday` datetime(0) NULL DEFAULT NULL COMMENT '生日',
  `MobilePhone` varchar(50) CHARACTER SET utf8 COLLATE utf8_general_ci NULL DEFAULT NULL COMMENT '手机',
  `Email` varchar(50) CHARACTER SET utf8 COLLATE utf8_general_ci NULL DEFAULT NULL COMMENT '邮箱',
  `WeChat` varchar(50) CHARACTER SET utf8 COLLATE utf8_general_ci NULL DEFAULT NULL COMMENT '微信',
  `DepartmentId` int(11) NULL DEFAULT NULL COMMENT '部门主键',
  `RoleId` int(11) NULL DEFAULT NULL COMMENT '角色主键',
  `EnabledMark` smallint(1) NULL DEFAULT NULL COMMENT '有效标志',
  `CreateTime` datetime(0) NULL DEFAULT NULL COMMENT '创建时间',
  `CreateUserId` int(11) NULL DEFAULT NULL COMMENT '创建用户主键',
  `UpdateTime` datetime(0) NULL DEFAULT NULL COMMENT '修改时间',
  `UpdateUserId` int(11) NULL DEFAULT NULL COMMENT '修改用户主键',
  PRIMARY KEY (`Id`) USING BTREE
) ENGINE = InnoDB AUTO_INCREMENT = 4 CHARACTER SET = utf8 COLLATE = utf8_general_ci COMMENT = '用户表' ROW_FORMAT = Compact;

-- ----------------------------
-- Records of users
-- ----------------------------
INSERT INTO `users` VALUES (1, 'admin', 'e10adc3949ba59abbe56e057f20f883e', 'zl', '/Upload/202001111112451856.png', 1, '2019-11-15 00:00:00', 'admin', '12', '123456', 3, 1, 0, '2019-10-29 15:40:26', 1, '2020-01-11 15:25:53', 1);
INSERT INTO `users` VALUES (2, 'user', 'e10adc3949ba59abbe56e057f20f883e', 'user', '/images/head.jpg', 1, '2019-11-16 16:25:56', NULL, NULL, NULL, 3, 3, 0, '2019-11-13 14:45:55', 1, '2019-11-13 14:45:59', 1);
INSERT INTO `users` VALUES (3, 'test', 'e10adc3949ba59abbe56e057f20f883e', 'test', '/images/head.jpg', 1, '2019-11-14 00:00:00', NULL, NULL, NULL, 3, 4, 0, '2019-11-14 16:21:10', 1, '2019-11-15 16:32:55', 1);

SET FOREIGN_KEY_CHECKS = 1;
